Li-conc,eff,IPCC,AWARE
0.45,0.15,4.803037202812963,1.7255208537090034
