Li-conc,eff,IPCC,AWARE
0.45,0.15,50.01099062917893,4.853534116664122
