Li-conc,eff,IPCC,AWARE
0.45,0.15,4.8029843986669265,1.7252658458870234
