Li-conc,eff,IPCC,AWARE
0.025491803278688527,0.77,91.15433989943135,16.333827919884992
