Li-conc,eff,IPCC,AWARE
0.0020491803278688526,0.77,856.2433269331289,187.62407467766536
