Li-conc,eff,IPCC,AWARE
0.013442622950819673,0.77,151.02808325865107,29.749236104459197
