Li-conc,eff,IPCC,AWARE
0.050409836065573775,0.77,58.10562518510434,8.933315766752807
