Li-conc,eff,IPCC,AWARE
0.007786885245901639,0.77,243.1649939218938,50.37383025993492
