Li-conc,eff,IPCC,AWARE
0.0037704918032786883,0.77,476.3691520898645,102.58630647520988
