Li-conc,eff,IPCC,AWARE
0.03073770491803279,0.77,79.80391728689733,13.84989994086322
