Li-conc,eff,IPCC,AWARE
0.026065573770491804,0.77,89.78126263519232,16.077942895394443
