Li-conc,eff,IPCC,AWARE
0.00680327868852459,0.77,275.21275468713753,57.550783436132136
