Li-conc,eff,IPCC,AWARE
0.008688524590163935,0.77,220.7242354581174,45.37099698245615
