Li-conc,eff,IPCC,AWARE
0.004262295081967213,0.77,425.3139915328757,91.04282240790684
