Li-conc,eff,IPCC,AWARE
0.007950819672131147,0.77,239.31880073510607,49.47338145266147
