Li-conc,eff,IPCC,AWARE
0.009999999999999998,0.77,195.29791491018256,39.63152893050895
