Li-conc,eff,IPCC,AWARE
0.009180327868852459,0.77,210.38872607519502,43.029672461405305
