Li-conc,eff,IPCC,AWARE
0.03811475409836066,0.77,69.11275412175038,11.44992526106719
