Li-conc,eff,IPCC,AWARE
0.014754098360655738,0.77,140.04790249293288,27.311775853351918
