Li-conc,eff,IPCC,AWARE
0.013114754098360657,0.77,154.39498812684036,30.53807859682447
