Li-conc,eff,IPCC,AWARE
0.062142273098937044,0.35,7.606557400467559,29.619906722744613
