Li-conc,eff,IPCC,AWARE
0.00032706459525756336,0.35,41671.41230376788,6622.76550585798
