Li-conc,eff,IPCC,AWARE
0.023712183156173343,0.35,17.89324745136801,74.91747642425834
