Li-conc,eff,IPCC,AWARE
0.015535568274734261,0.35,31.364825982827764,113.62091456220487
