Li-conc,eff,IPCC,AWARE
0.09811937857726899,0.35,6.1264821680091135,19.39990625138825
