Li-conc,eff,IPCC,AWARE
0.001062959934587081,0.35,4041.4302421344923,1754.603172127536
