Li-conc,eff,IPCC,AWARE
0.010629599345870811,0.35,56.21567364353132,165.645505450995
