Li-conc,eff,IPCC,AWARE
0.07686017988552739,0.35,6.809342813360151,24.282290843133058
