Li-conc,eff,IPCC,AWARE
0.12837285363859363,0.35,5.614782427025379,15.24263779669632
