Li-conc,eff,IPCC,AWARE
0.042518397383483245,0.35,9.939606576558498,42.500989584668446
