Li-conc,eff,IPCC,AWARE
0.14262295081967213,0.53,6.118660039975987,1.3957094866357733
