Li-conc,eff,IPCC,AWARE
0.03622950819672131,0.53,9.98279211289814,1.4958345161374367
