Li-conc,eff,IPCC,AWARE
0.05844262295081967,0.53,8.068996869089784,1.4463576060221413
