Li-conc,eff,IPCC,AWARE
0.043852459016393446,0.53,9.111510299917999,1.4728422433483832
