Li-conc,eff,IPCC,AWARE
0.07155737704918032,0.53,7.481200389930897,1.4313847024175999
