Li-conc,eff,IPCC,AWARE
0.0020491803278688526,0.77,868.9499265135529,188.1230976316635
