Li-conc,eff,IPCC,AWARE
0.008688524590163935,0.77,220.95065130038992,45.40980317372021
