Li-conc,eff,IPCC,AWARE
0.08360655737704918,0.77,41.67191288267645,5.935871326340095
