Li-conc,eff,IPCC,AWARE
0.030901639344262294,0.77,77.18628761218457,13.747667250557484
