Li-conc,eff,IPCC,AWARE
0.005327868852459017,0.77,347.0207535901602,73.18843251831699
