Li-conc,eff,IPCC,AWARE
0.010901639344262295,0.77,180.37691262909004,36.46994900351712
