Li-conc,eff,IPCC,AWARE
0.009452736318407961,0.77,29.339318047545607,24.211895024317105
