Li-conc,eff,IPCC,AWARE
0.007048092868988392,0.77,35.53087655682287,32.04665550731346
