Li-conc,eff,IPCC,AWARE
0.055887230514096185,0.77,14.614388216714893,5.146128393613328
