Li-conc,eff,IPCC,AWARE
0.08009950248756219,0.77,13.707924073751835,3.9724463385689393
