Li-conc,eff,IPCC,AWARE
0.08399668325041458,0.77,13.627661503969719,3.8479469212789863
