Li-conc,eff,IPCC,AWARE
0.075787728026534,0.77,13.808745135349236,4.125246297270666
