Li-conc,eff,IPCC,AWARE
0.07993393889347647,0.45,10.00161683090025,4.020967487153812
