Li-conc,eff,IPCC,AWARE
0.10016515276630884,0.45,9.497090088085367,3.3754322261163976
