Li-conc,eff,IPCC,AWARE
0.09017341040462429,0.45,9.719271927887188,3.6581948124913577
