Li-conc,eff,IPCC,AWARE
0.07167630057803469,0.45,10.34258527870333,4.392397869812942
