Li-conc,eff,IPCC,AWARE
0.08761354252683733,0.45,9.8121645331173,3.7429643104147883
