Li-conc,eff,IPCC,AWARE
0.06366639141205616,0.45,10.694913448860696,4.839994615518254
