Li-conc,eff,IPCC,AWARE
0.08315441783649875,0.45,9.90382411788883,3.897151144403322
