Li-conc,eff,IPCC,AWARE
0.0902559867877787,0.45,9.735679173468153,3.656913563884605
