Li-conc,eff,IPCC,AWARE
0.07109826589595375,0.45,10.389075779496642,4.423027692470839
