Li-conc,eff,IPCC,AWARE
0.09966969446738233,0.45,9.495629370813411,3.387306709232695
