Li-conc,eff,IPCC,AWARE
0.04180327868852459,0.61,12.246893404154047,3.706742422742475
