Li-conc,eff,IPCC,AWARE
0.07024590163934426,0.61,8.476425506445745,2.645793106405966
