Li-conc,eff,IPCC,AWARE
0.0360655737704918,0.61,13.725288825585954,4.10905436349049
