Li-conc,eff,IPCC,AWARE
0.02745901639344263,0.61,17.127006177560002,5.001905613622856
