Li-conc,eff,IPCC,AWARE
0.025,0.61,18.55467474339486,5.360586567123863
