Li-conc,eff,IPCC,AWARE
0.03360655737704918,0.61,14.536531192010404,4.322142517012652
