Li-conc,eff,IPCC,AWARE
0.005573770491803279,0.77,356.3338183469739,69.25215180570132
