Li-conc,eff,IPCC,AWARE
0.004344262295081967,0.77,437.38541061130303,88.45601890826276
