Li-conc,eff,IPCC,AWARE
0.005327868852459017,0.77,369.48064940430055,72.37881217695944
