Li-conc,eff,IPCC,AWARE
0.0022131147540983605,0.77,790.1539795033507,172.21605944050623
