Li-conc,eff,IPCC,AWARE
0.008278688524590166,0.77,262.67990381598725,47.07621941740689
