Li-conc,eff,IPCC,AWARE
0.0024590163934426227,0.77,718.2328037406917,155.14054935680252
