Li-conc,eff,IPCC,AWARE
0.007049180327868852,0.77,296.305678012013,55.04400101704471
