Li-conc,eff,IPCC,AWARE
0.0037704918032786883,0.77,493.025635580594,101.68443961229673
