Li-conc,eff,IPCC,AWARE
0.007950819672131147,0.77,270.5318779702905,48.952847675086616
