Li-conc,eff,IPCC,AWARE
0.00180327868852459,0.77,954.9166993289059,211.1125643679265
