Li-conc,eff,IPCC,AWARE
0.05836065573770491,0.77,63.733854721701945,7.865564997271273
