Li-conc,eff,IPCC,AWARE
0.06844262295081967,0.77,59.60394561084697,6.909220970290702
