Li-conc,eff,IPCC,AWARE
0.007868852459016393,0.77,245.12913962913143,49.62477641358146
