Li-conc,eff,IPCC,AWARE
0.07704918032786885,0.77,56.897265317152744,6.2883465905930365
