Li-conc,eff,IPCC,AWARE
0.007049180327868852,0.77,269.75141118384664,55.25472191479063
