Li-conc,eff,IPCC,AWARE
0.006147540983606557,0.77,304.16541824746076,63.16335745741938
