Li-conc,eff,IPCC,AWARE
0.021311475409836068,0.77,112.91178525530006,19.181632596564118
