Li-conc,eff,IPCC,AWARE
0.016967213114754097,0.77,132.70171902049532,23.742921836888474
