Li-conc,eff,IPCC,AWARE
0.0219672131147541,0.77,101.52029334649723,18.87361021031445
