Li-conc,eff,IPCC,AWARE
0.05336065573770492,0.77,55.34424377693566,8.631747232553971
