Li-conc,eff,IPCC,AWARE
0.012295081967213115,0.77,163.44340706421175,32.58111107252667
