Li-conc,eff,IPCC,AWARE
0.015983606557377048,0.77,130.9486179908912,25.39391042178051
