Li-conc,eff,IPCC,AWARE
0.02213114754098361,0.77,100.85479458776311,18.73889138142626
