Li-conc,eff,IPCC,AWARE
0.029508196721311476,0.77,81.43255544971086,14.422652574090055
