Li-conc,eff,IPCC,AWARE
0.02819672131147541,0.77,84.08452267006135,15.02107320979553
