Li-conc,eff,IPCC,AWARE
0.009180327868852459,0.77,210.779622115787,43.11674948493198
