Li-conc,eff,IPCC,AWARE
0.027622950819672133,0.77,85.50027709922432,15.312829912277836
