Li-conc,eff,IPCC,AWARE
0.009999999999999998,0.77,195.42409990809668,39.70507058412271
