Li-conc,eff,IPCC,AWARE
0.03631147540983607,0.77,69.07278118349102,11.999917547589883
