Li-conc,eff,IPCC,AWARE
0.056721311475409826,0.77,51.57644949374672,8.195493249292417
