Li-conc,eff,IPCC,AWARE
0.03836065573770492,0.77,66.36458736403426,11.4272393558169
