Li-conc,eff,IPCC,AWARE
0.034426229508196717,0.77,71.57394261793293,12.567332108702363
