Li-conc,eff,IPCC,AWARE
0.03893442622950819,0.77,65.78506664754417,11.286782164987395
