Li-conc,eff,IPCC,AWARE
0.04114754098360656,0.77,63.271705237295194,10.751140616495555
