Li-conc,eff,IPCC,AWARE
0.01139344262295082,0.77,175.04917795298437,35.09728628195268
