Li-conc,eff,IPCC,AWARE
0.027540983606557375,0.77,84.36025931400346,15.353200049566512
