Li-conc,eff,IPCC,AWARE
0.039344262295081964,0.77,65.28023910736543,11.181753555769795
