Li-conc,eff,IPCC,AWARE
0.022459016393442624,0.77,98.83442548995407,18.50507126607485
