Li-conc,eff,IPCC,AWARE
0.012459016393442622,0.77,161.86516252419042,32.22030797815576
