Li-conc,eff,IPCC,AWARE
0.02885245901639344,0.77,86.76724336625844,14.638024785268504
