Li-conc,eff,IPCC,AWARE
0.031311475409836066,0.77,82.092768856855,13.594216454238358
