Li-conc,eff,IPCC,AWARE
0.08344262295081967,0.77,48.528778227154845,5.992594173398021
