Li-conc,eff,IPCC,AWARE
0.019999999999999997,0.77,112.45581487323805,20.47444773910134
