Li-conc,eff,IPCC,AWARE
0.01975409836065574,0.77,113.56803245710795,20.71599758186129
