Li-conc,eff,IPCC,AWARE
0.02213114754098361,0.77,104.37212066564571,18.64099725744264
