Li-conc,eff,IPCC,AWARE
0.026639344262295084,0.77,91.59826332093674,15.734106971017306
