Li-conc,eff,IPCC,AWARE
0.0020491803278688526,0.77,849.3064156009772,187.3465962569142
