Li-conc,eff,IPCC,AWARE
0.017868852459016392,0.77,122.47240541384296,22.74549598843663
