Li-conc,eff,IPCC,AWARE
0.020245901639344262,0.77,111.54319325662686,20.250613116346887
