Li-conc,eff,IPCC,AWARE
0.03241666666666667,0.77,78.93883080652893,4.019712282689293
