Li-conc,eff,IPCC,AWARE
0.052583333333333336,0.77,63.853962147226724,3.9569719029133728
