Li-conc,eff,IPCC,AWARE
0.026333333333333337,0.77,94.7032398853597,4.6186548693340645
