Li-conc,eff,IPCC,AWARE
0.015166666666666667,0.77,232.5941442931326,13.358233827930404
