Li-conc,eff,IPCC,AWARE
0.35250000000000004,0.77,44.42770810875435,3.124702483169054
