Li-conc,eff,IPCC,AWARE
0.02725,0.77,91.74088756550432,4.4998212552405334
