Li-conc,eff,IPCC,AWARE
0.019083333333333334,0.77,129.25104121393704,6.052467331854612
