Li-conc,eff,IPCC,AWARE
0.034166666666666665,0.77,82.86427571546187,4.51047312424629
