Li-conc,eff,IPCC,AWARE
0.018083333333333333,0.77,131.4162479406418,5.939303877008781
