Li-conc,eff,IPCC,AWARE
0.23583333333333334,0.77,21.131604281583147,1.8601465159873276
