Li-conc,eff,IPCC,AWARE
0.02625,0.77,93.74410068196602,4.486972784482517
