Li-conc,eff,IPCC,AWARE
0.07575,0.77,41.87793357649673,2.7026379009160677
