Li-conc,eff,IPCC,AWARE
0.04541666666666667,0.77,64.84082922132669,3.734290906897729
