Li-conc,eff,IPCC,AWARE
0.020166666666666666,0.77,119.94214861736674,5.556916585973528
