Li-conc,eff,IPCC,AWARE
0.04033333333333333,0.77,66.62823798035403,3.6018817581316966
