Li-conc,eff,IPCC,AWARE
0.03325,0.77,76.95845595928984,3.9320374514631813
