Li-conc,eff,IPCC,AWARE
0.06133333333333334,0.77,60.63681061727591,3.9629310698136924
