Li-conc,eff,IPCC,AWARE
0.0011666666666666665,0.77,2127.017392723304,91.97063451165288
