Li-conc,eff,IPCC,AWARE
0.043416666666666666,0.77,65.59781617915456,3.6946078151510817
