Li-conc,eff,IPCC,AWARE
0.049916666666666665,0.77,56.38074265920725,3.2255381227498585
