Li-conc,eff,IPCC,AWARE
0.06708333333333334,0.77,44.02628940114499,2.7094773499812255
