Li-conc,eff,IPCC,AWARE
0.052833333333333336,0.77,59.11827788887905,3.568198890634105
