Li-conc,eff,IPCC,AWARE
0.02925,0.77,85.40488283503488,4.186786049053309
