Li-conc,eff,IPCC,AWARE
0.019916666666666666,0.77,228.0070419665952,11.069232213818436
