Li-conc,eff,IPCC,AWARE
0.05608333333333333,0.77,53.36099837717973,3.196117059104158
