Li-conc,eff,IPCC,AWARE
0.024249999999999997,0.77,101.69602724278036,4.87401635378132
