Li-conc,eff,IPCC,AWARE
0.07750000000000001,0.77,39.95306878872249,2.571249754871141
