Li-conc,eff,IPCC,AWARE
0.29583333333333334,0.77,46.53352526439642,3.2158332592733516
