Li-conc,eff,IPCC,AWARE
0.10916666666666668,0.77,31.69327156839605,2.242383034961051
