Li-conc,eff,IPCC,AWARE
0.08158333333333334,0.77,38.46412017319786,2.5119031628699418
