Li-conc,eff,IPCC,AWARE
0.028916666666666663,0.77,119.26024741745312,7.027658109885841
