Li-conc,eff,IPCC,AWARE
0.05333333333333334,0.77,53.84629547306336,3.1432674258101296
