Li-conc,eff,IPCC,AWARE
0.029166666666666664,0.77,86.58727857637534,4.312351436665654
