Li-conc,eff,IPCC,AWARE
0.05833333333333333,0.77,48.58610879539623,2.845170990289147
