Li-conc,eff,IPCC,AWARE
0.06824999999999999,0.77,43.449160933022654,2.6666811190493145
