Li-conc,eff,IPCC,AWARE
0.07233333333333333,0.77,41.63828215082757,2.5999045379708736
