Li-conc,eff,IPCC,AWARE
0.0008333333333333334,0.77,2913.2529031951563,123.12176220663115
