Li-conc,eff,IPCC,AWARE
0.042416666666666665,0.77,66.06978162184508,3.6789679623109373
