Li-conc,eff,IPCC,AWARE
0.058416666666666665,0.77,50.13980643083615,2.9979714786345735
