Li-conc,eff,IPCC,AWARE
0.028166666666666666,0.77,88.87734655413881,4.380823297491762
