Li-conc,eff,IPCC,AWARE
0.20500000000000002,0.77,24.819721738085057,2.1168692654051444
