Li-conc,eff,IPCC,AWARE
0.3933333333333333,0.77,43.28642345907697,3.075312557955492
