Li-conc,eff,IPCC,AWARE
0.04791666666666666,0.77,57.02882952589667,3.167121180399312
