Li-conc,eff,IPCC,AWARE
0.03625,0.77,73.61290001164693,3.904384613585912
