Li-conc,eff,IPCC,AWARE
0.03125,0.77,91.12890137961202,4.926754100985691
