Li-conc,eff,IPCC,AWARE
0.005999999999999999,0.77,388.9242477117123,16.23617825238574
