Li-conc,eff,IPCC,AWARE
0.074,0.77,40.9595608412288,2.574979101727414
