Li-conc,eff,IPCC,AWARE
0.04666666666666667,0.77,58.20481444524114,3.2088430840050353
