Li-conc,eff,IPCC,AWARE
0.05175,0.77,56.153075921840276,3.2786835736777125
