Li-conc,eff,IPCC,AWARE
0.05899999999999999,0.77,48.377933985915,2.8449728543434447
