Li-conc,eff,IPCC,AWARE
0.021166666666666667,0.77,113.24959274912324,5.18706567153585
