Li-conc,eff,IPCC,AWARE
0.02266666666666667,0.77,178.98650771782556,11.073575901384087
