Li-conc,eff,IPCC,AWARE
0.04133333333333333,0.77,66.84648608005114,3.681307435568677
