Li-conc,eff,IPCC,AWARE
0.04983333333333333,0.77,56.51926514288794,3.23376644391873
