Li-conc,eff,IPCC,AWARE
0.025083333333333332,0.77,105.47920949289308,5.3314333505396
