Li-conc,eff,IPCC,AWARE
0.13333333333333336,0.77,62.49844032281662,3.9067266135949406
