Li-conc,eff,IPCC,AWARE
0.04691666666666666,0.77,116.0325640315373,6.223454911856653
