Li-conc,eff,IPCC,AWARE
0.048666666666666664,0.77,56.291569638029245,3.138769783407463
