Li-conc,eff,IPCC,AWARE
0.05583333333333333,0.77,53.131070009576874,3.1686656387518086
