Li-conc,eff,IPCC,AWARE
0.06191666666666666,0.77,51.604409828868185,3.2195860920670083
