Li-conc,eff,IPCC,AWARE
0.07866666666666666,0.77,39.56429268321577,2.5580689277632396
