Li-conc,eff,IPCC,AWARE
0.09833333333333333,0.77,34.612517994341886,2.4008836627448686
