Li-conc,eff,IPCC,AWARE
0.035250000000000004,0.77,83.20886990358055,4.631032176237452
