Li-conc,eff,IPCC,AWARE
0.023,0.77,106.13450519648123,5.0187456551999485
