Li-conc,eff,IPCC,AWARE
0.06766666666666667,0.77,43.57065789911645,2.665833404689023
