Li-conc,eff,IPCC,AWARE
0.042749999999999996,0.77,62.368925120205915,3.357809261146076
