Li-conc,eff,IPCC,AWARE
0.05600000000000001,0.77,50.42452762932462,2.946664705350585
