Li-conc,eff,IPCC,AWARE
0.057333333333333326,0.77,49.736264542159454,2.9054390635713396
