Li-conc,eff,IPCC,AWARE
0.07341666666666667,0.77,41.21600129564046,2.585170735030127
