Li-conc,eff,IPCC,AWARE
0.034749999999999996,0.77,98.78855381373984,5.898616620648346
