Li-conc,eff,IPCC,AWARE
0.02525,0.77,96.94370399476458,4.601418146350255
