Li-conc,eff,IPCC,AWARE
0.030166666666666668,0.77,89.69322222937284,4.689085513730139
