Li-conc,eff,IPCC,AWARE
0.011999999999999999,0.77,196.88598495109898,8.585790293127644
