Li-conc,eff,IPCC,AWARE
0.042583333333333334,0.77,63.70944354066389,3.490026770596455
