Li-conc,eff,IPCC,AWARE
0.0625,0.77,47.88777880081677,2.922630480677635
