Li-conc,eff,IPCC,AWARE
0.2325,0.77,21.253288778183737,1.864240892395262
