Li-conc,eff,IPCC,AWARE
0.12166666666666667,0.77,29.63833442800225,2.1667967485790376
