Li-conc,eff,IPCC,AWARE
0.06883333333333333,0.77,43.04862673960036,2.647489686927115
