Li-conc,eff,IPCC,AWARE
0.14833333333333332,0.77,26.445548599349568,2.050520102495467
