Li-conc,eff,IPCC,AWARE
0.02316666666666667,0.77,105.65559859348758,5.0103575451318765
