Li-conc,eff,IPCC,AWARE
0.02708333333333333,0.77,100.16580684737822,5.184765033036624
