Li-conc,eff,IPCC,AWARE
0.03858333333333334,0.77,67.71171244132209,3.5483835815809504
