Li-conc,eff,IPCC,AWARE
0.026166666666666668,0.77,94.67357091570682,4.591529548019223
