Li-conc,eff,IPCC,AWARE
0.04166666666666667,0.77,64.77096880983262,3.5266134455081826
