Li-conc,eff,IPCC,AWARE
0.019,0.77,132.83934764859686,6.330585705669165
