Li-conc,eff,IPCC,AWARE
0.06999999999999999,0.77,42.71545881437166,2.6625822997560085
