Li-conc,eff,IPCC,AWARE
0.03875000000000001,0.77,68.1016813126722,3.622526291180504
