Li-conc,eff,IPCC,AWARE
0.07458333333333333,0.77,42.08207251448058,2.6987618756015
