Li-conc,eff,IPCC,AWARE
0.05508333333333334,0.77,54.24132540017464,3.23712528255017
