Li-conc,eff,IPCC,AWARE
0.06533333333333334,0.77,45.044765405936324,2.7543965819752687
