Li-conc,eff,IPCC,AWARE
0.028333333333333335,0.77,89.25818892731404,4.434093168250111
