Li-conc,eff,IPCC,AWARE
0.04066666666666666,0.77,64.89006761183957,3.4472607644298137
