Li-conc,eff,IPCC,AWARE
0.05708333333333333,0.77,49.87757457133829,2.909751077844176
