Li-conc,eff,IPCC,AWARE
0.026083333333333333,0.77,94.68521070984953,4.580073472080451
