Li-conc,eff,IPCC,AWARE
0.06358333333333333,0.77,94.38159480865686,5.286493413924514
