Li-conc,eff,IPCC,AWARE
0.05275,0.77,69.44384291452671,4.432805903907713
