Li-conc,eff,IPCC,AWARE
0.063,0.77,46.308301046367966,2.802839521362969
