Li-conc,eff,IPCC,AWARE
0.034249999999999996,0.77,75.10975093496207,3.8661163818595234
