Li-conc,eff,IPCC,AWARE
0.009999999999999998,0.77,234.38857876830858,10.039816487030778
