Li-conc,eff,IPCC,AWARE
0.3358333333333333,0.77,44.97329680734873,3.1483132321112097
