Li-conc,eff,IPCC,AWARE
0.21333333333333335,0.77,22.070091401705056,1.8933550802122097
