Li-conc,eff,IPCC,AWARE
0.029916666666666664,0.77,121.82934487984801,7.361257401592812
