Li-conc,eff,IPCC,AWARE
0.06416666666666666,0.77,45.27883703944493,2.7270018588753238
