Li-conc,eff,IPCC,AWARE
0.028250000000000004,0.77,87.86912715456607,4.270232667866173
