Li-conc,eff,IPCC,AWARE
0.06591666666666668,0.77,46.1366846453006,2.8599441457598935
