Li-conc,eff,IPCC,AWARE
0.09416666666666666,0.77,35.55395156048774,2.434167093626786
