Li-conc,eff,IPCC,AWARE
0.044500000000000005,0.77,62.66455408481415,3.5052298070169887
