Li-conc,eff,IPCC,AWARE
0.01608333333333333,0.77,152.09091133884598,6.976284110535616
