Li-conc,eff,IPCC,AWARE
0.0022500000000000003,0.77,1098.9658769183034,47.612320129580986
