Li-conc,eff,IPCC,AWARE
0.040249999999999994,0.77,102.96815685457435,6.650279493646574
