Li-conc,eff,IPCC,AWARE
0.03925,0.77,66.83906401240786,3.5499078326000433
