Li-conc,eff,IPCC,AWARE
0.01975,0.77,229.64900384386024,11.140289328646608
