Li-conc,eff,IPCC,AWARE
0.08583333333333333,0.77,37.755370045138015,2.514154646216293
