Li-conc,eff,IPCC,AWARE
0.044833333333333336,0.77,74.64590323865313,4.5290313862841876
