Li-conc,eff,IPCC,AWARE
0.023083333333333334,0.77,104.90203601163064,4.931166542096218
