Li-conc,eff,IPCC,AWARE
0.035333333333333335,0.77,73.22364122235892,3.7987921130371842
