Li-conc,eff,IPCC,AWARE
0.03433333333333333,0.77,74.14423326352582,3.7647069020678487
