Li-conc,eff,IPCC,AWARE
0.04075,0.77,64.80662156667803,3.4451085560403545
