Li-conc,eff,IPCC,AWARE
0.05616666666666667,0.77,61.86616129326409,3.9134957777265464
