Li-conc,eff,IPCC,AWARE
0.044666666666666674,0.77,61.45255158961627,3.4119250330690933
