Li-conc,eff,IPCC,AWARE
0.04641666666666667,0.77,60.40781991356963,3.4100955084972626
