Li-conc,eff,IPCC,AWARE
0.07808333333333334,0.77,39.70288548779786,2.5600437207594418
