Li-conc,eff,IPCC,AWARE
0.04658333333333334,0.77,58.13386045538709,3.226865512490535
