Li-conc,eff,IPCC,AWARE
0.21583333333333332,0.77,24.38368965243916,2.1051641105141985
