Li-conc,eff,IPCC,AWARE
0.022166666666666668,0.77,108.70436244814898,5.024876063374821
