Li-conc,eff,IPCC,AWARE
0.07633333333333334,0.77,40.25212212817059,2.576295432646744
