Li-conc,eff,IPCC,AWARE
0.034416666666666665,0.77,74.63540897423873,3.805713314435457
