Li-conc,eff,IPCC,AWARE
0.013,0.77,196.53328532728358,9.208960279595049
