Li-conc,eff,IPCC,AWARE
0.025491803278688527,0.77,35.05270326761009,7.521632571673235
