Li-conc,eff,IPCC,AWARE
0.025491803278688527,0.77,54.090935070980336,9.47208487371349
