Li-conc,eff,IPCC,AWARE
0.025491803278688527,0.77,28.10662372095922,6.126454591575217
