Li-conc,eff,IPCC,AWARE
0.026065573770491804,0.77,54.27045783385486,10.917000798610879
