Li-conc,eff,IPCC,AWARE
0.026065573770491804,0.77,34.83774716703567,7.620834448920006
