Li-conc,eff,IPCC,AWARE
0.026065573770491804,0.77,27.94733137247171,6.2640123407844746
