Li-conc,eff,IPCC,AWARE
0.15,0.35,2.8022392965341045,1.820349916131967
