Li-conc,eff,IPCC,AWARE
0.15,0.35,3.657960328981764,2.5991585469754663
