Li-conc,eff,IPCC,AWARE
0.15,0.35,5.385037177994469,7.426680537100324
