Li-conc,eff,IPCC,AWARE
0.05,0.53,7.336123420807859,1.1758601457971853
