Li-conc,eff,IPCC,AWARE
0.05,0.53,8.472546935159826,1.436320127779018
