Li-conc,eff,IPCC,AWARE
0.030901639344262294,0.77,24.0301355371,0.6051449846285959
