Li-conc,eff,IPCC,AWARE
0.030901639344262294,0.77,48.79354984741316,8.389707198329198
