Li-conc,eff,IPCC,AWARE
0.030901639344262294,0.77,29.75531701355814,6.4392550812190015
