Li-conc,eff,IPCC,AWARE
0.06616915422885572,0.77,13.062492527158351,3.051377579572726
