Li-conc,eff,IPCC,AWARE
0.066169154,0.77,27.558403276845993,7.5323218493806
0.05,0.77,27.558403276845993,7.5323218493806
0.066169154,0.47000000000000003,27.558403276845993,7.5323218493806
0.05,0.47000000000000003,27.558403276845993,7.5323218493806
0.066169154,0.17000000000000004,27.558403276845993,7.5323218493806
0.05,0.17000000000000004,27.558403276845993,7.5323218493806
