Li-conc,eff,IPCC,AWARE
0.06616915422885572,0.77,26.25589508070913,5.737734299420188
