Li-conc,eff,IPCC,AWARE
0.066169154,0.77,27.585228581513356,7.534287680123179
0.05,0.77,27.585228581513356,7.534287680123179
0.066169154,0.47000000000000003,27.585228581513356,7.534287680123179
0.05,0.47000000000000003,27.585228581513356,7.534287680123179
0.066169154,0.17000000000000004,27.585228581513356,7.534287680123179
0.05,0.17000000000000004,27.585228581513356,7.534287680123179
