Li-conc,eff,IPCC,AWARE
0.06616915422885572,0.77,45.29773277031278,7.689065010842006
