Li-conc,eff,IPCC,AWARE
0.06616915422885572,0.46,10.908598562478923,2.424801583238586
