Li-conc,eff,IPCC,AWARE
0.0919672131147541,0.58,8.781851216915769,8.823759207977817
