Li-conc,eff,IPCC,AWARE
0.0919672131147541,0.58,64.70620264917542,59.35634678950525
