Li-conc,eff,IPCC,AWARE
0.06,0.45,18.18474804657057,4.3963045191724035
0.06,0.4,20.181365821226027,4.848614447462895
