Li-conc,eff,IPCC,AWARE
0.0639141205615194,0.45,17.3069256841568,3.7710910609051203
