Li-conc,eff,IPCC,AWARE
0.0639141205615194,0.45,17.163715784222084,3.9604823778641634
