Li-conc,eff,IPCC,AWARE
0.0639141205615194,0.45,9.096178084357446,3.745453492610314
