Li-conc,eff,IPCC,AWARE
0.15,0.45,8.58711109414737,2.224229905566814
0.15,0.4,9.385002029023303,2.4051001625623516
