Li-conc,eff,IPCC,AWARE
0.0639141205615194,0.45,9.117534864385497,3.747248092159115
