Li-conc,eff,IPCC,AWARE
0.06,0.45,9.085863793622428,3.744586787916297
