Li-conc,eff,IPCC,AWARE
0.0639141205615194,0.45,8.916332986189294,3.7118099589584777
