Li-conc,eff,IPCC,AWARE
0.035573770491803276,0.61,13.754582700028653,3.3277679855842157
