Li-conc,eff,IPCC,AWARE
0.035573770491803276,0.61,13.944316841814835,4.173555891393206
