Li-conc,eff,IPCC,AWARE
0.007950819672131147,0.77,82.30818281301478,16.395543396385147
