Li-conc,eff,IPCC,AWARE
0.007951,0.77,91.71611391675197,2.022751623329316
0.007951,0.67,91.71611391675197,2.022751623329316
0.007951,0.5700000000000001,91.71611391675197,2.022751623329316
