Li-conc,eff,IPCC,AWARE
0.007950819672131147,0.77,105.38434266805105,20.88841304471097
