Li-conc,eff,IPCC,AWARE
0.016967213114754097,0.77,41.15433353523427,8.377888396796934
