Li-conc,eff,IPCC,AWARE
0.016967213114754097,0.77,71.99244425955604,11.782141034901493
