Li-conc,eff,IPCC,AWARE
0.016967213114754097,0.77,51.96780378417852,10.48324304121789
