Li-conc,eff,IPCC,AWARE
0.028688524590163935,0.77,52.747228889291215,11.151760572627143
