Li-conc,eff,IPCC,AWARE
0.028688524590163935,0.77,26.327191583741435,5.937670999423424
