Li-conc,eff,IPCC,AWARE
0.028688524590163935,0.77,32.72258728853911,7.167497322058418
