Li-conc,eff,IPCC,AWARE
0.034426229508196717,0.77,28.748587895529166,6.120212769902161
