Li-conc,eff,IPCC,AWARE
0.034426229508196717,0.77,49.5033725837709,9.426540490123651
