Li-conc,eff,IPCC,AWARE
0.034426229508196717,0.77,23.277151060827432,5.091151151973638
