Li-conc,eff,IPCC,AWARE
0.017876106194690267,0.5,46.13187692217914,2.9702325151880453
