Li-conc,eff,IPCC,AWARE
0.017876106194690267,0.5,57.7908858293349,3.7051520191122242
