Li-conc,eff,IPCC,AWARE
0.02213114754098361,0.77,32.6866188000868,7.078460497983312
