Li-conc,eff,IPCC,AWARE
0.02213114754098361,0.77,40.976945476486776,8.679943060297546
