Li-conc,eff,IPCC,AWARE
0.02213114754098361,0.77,61.00158774938752,11.712122560652524
