Li-conc,eff,IPCC,AWARE
0.02,0.51,8.789750275506071,1.047963204964027
0.01,0.51,8.789750275506071,1.047963204964027
0.02,0.31,8.789750275506071,1.047963204964027
0.01,0.31,8.789750275506071,1.047963204964027
0.02,0.10999999999999999,8.789750275506071,1.047963204964027
0.01,0.10999999999999999,8.789750275506071,1.047963204964027
