Li-conc,eff,IPCC,AWARE
0.02,0.51,8.784602754156966,1.0475962198397915
0.01,0.51,8.784602754156966,1.0475962198397915
0.02,0.31,8.784602754156966,1.0475962198397915
0.01,0.31,8.784602754156966,1.0475962198397915
0.02,0.10999999999999999,8.784602754156966,1.0475962198397915
0.01,0.10999999999999999,8.784602754156966,1.0475962198397915
