Li-conc,eff,IPCC,AWARE
0.026166666666666668,0.77,53.93881026678464,9.456495590030718
