Li-conc,eff,IPCC,AWARE
0.026166666666666668,0.77,27.89213631535714,6.097186940794359
