Li-conc,eff,IPCC,AWARE
0.026166666666666668,0.77,34.89540156253362,7.504782666097041
