Li-conc,eff,IPCC,AWARE
0.09498787388843978,0.51,4.851517590274176,3.2141550096405966
