Li-conc,eff,IPCC,AWARE
0.09,0.51,4.78752903024688,6.546681203176728
