Li-conc,eff,IPCC,AWARE
0.018938053097345135,0.5,39.34890061448977,1.8029407117213236
