Li-conc,eff,IPCC,AWARE
0.018938053097345135,0.5,38.883276744455806,1.7552630118738834
