Li-conc,eff,IPCC,AWARE
0.06999999999999999,0.77,13.431935979279457,3.5135820459849514
