Li-conc,eff,IPCC,AWARE
0.06999999999999999,0.77,35.72465046890454,10.523862186240189
