Li-conc,eff,IPCC,AWARE
0.06999999999999999,0.77,15.98867293039962,4.00140669212886
