Li-conc,eff,IPCC,AWARE
0.0782,0.5,25.5133101146296,5.576452329016493
