Li-conc,eff,IPCC,AWARE
0.0782,0.5,8.474235821191838,0.8925066753409471
