Li-conc,eff,IPCC,AWARE
0.0782,0.5,2.736009426410294,0.7066085623924994
