Li-conc,eff,IPCC,AWARE
0.9,0.15,8.124214289825906,2.261301583968053
