Li-conc,eff,IPCC,AWARE
0.026065573770491804,0.77,89.90167624281189,16.08649379858435
