Li-conc,eff,IPCC,AWARE
0.026065574,0.77,24.736229745907004,1.571391306099433
0.026065574,0.47000000000000003,37.44386781661255,1.6780469636304227
