Li-conc,eff,IPCC,AWARE
0.013114754098360657,0.77,167.37859550469466,30.36218635893288
0.013114754098360657,0.47000000000000003,267.1300477248353,48.71695307581092
