Li-conc,eff,IPCC,AWARE
0.15,0.35,5.442352542735816,7.430787940197609
