Li-conc,eff,IPCC,AWARE
0.15,0.35,5.385037177994469,7.4266805371003235
