Li-conc,eff,IPCC,AWARE
0.05,0.53,15.604005960853296,4.457394484576849
0.05,0.13,56.29125393671146,15.941239499780773
