Li-conc,eff,IPCC,AWARE
0.05,0.53,8.491519548744904,1.4376978777433216
