Li-conc,eff,IPCC,AWARE
0.05,0.53,8.472546935159826,1.4363201277790185
