Li-conc,eff,IPCC,AWARE
0.06616915422885572,0.77,14.160933123151398,4.547558170757139
