Li-conc,eff,IPCC,AWARE
0.06616915422885572,0.46,11.904340671714298,2.401587717257041
