Li-conc,eff,IPCC,AWARE
0.0639141205615194,0.45,10.740832015332126,4.826222416144774
