Li-conc,eff,IPCC,AWARE
0.0639141205615194,0.45,10.681336426904819,4.821955840915124
