Li-conc,eff,IPCC,AWARE
0.15,0.45,8.80706750226661,2.3725444482555442
0.15,0.4,9.040351393100352,2.566847541545776
