Li-conc,eff,IPCC,AWARE
0.028688524590163935,0.77,83.02825849804279,14.787599678636445
