Li-conc,eff,IPCC,AWARE
0.028688524590163935,0.77,83.19925670798386,14.799853959496575
