Li-conc,eff,IPCC,AWARE
0.028688524590163935,0.4,149.52534070453063,26.949953270066473
