Li-conc,eff,IPCC,AWARE
0.034426229508196717,0.77,71.73128534914508,12.578607794104212
