Li-conc,eff,IPCC,AWARE
0.026166666666666668,0.77,24.694714396228832,1.5971983368764322
