Li-conc,eff,IPCC,AWARE
0.09,0.51,5.237871628178085,6.561826216837078
