Li-conc,eff,IPCC,AWARE
0.09498787388843978,0.51,5.227634823603521,6.1385818271511505
