Li-conc,eff,IPCC,AWARE
0.018938053097345135,0.5,38.82359473974739,1.8012502587412573
