Li-conc,eff,IPCC,AWARE
0.15,0.35,5.219353993524754,7.425407134289267
