Li-conc,eff,IPCC,AWARE
0.15,0.45,8.40886877432708,0.8573286745188242
